﻿<?xml version="1.0" encoding="utf-8"?>
<!-- Profile Configuration Data. 08/21/2022 19:23:03 -->
<!-- Made with DS4Windows version 3.1.2 -->

<Profile app_version="3.1.2" config_version="2">
  <useExclusiveMode>False</useExclusiveMode>
  <startMinimized>False</startMinimized>
  <minimizeToTaskbar>False</minimizeToTaskbar>
  <formWidth>875</formWidth>
  <formHeight>595</formHeight>
  <formLocationX>438</formLocationX>
  <formLocationY>247</formLocationY>
  <Controller1>Default</Controller1>
  <Controller2>Default</Controller2>
  <Controller3>Default</Controller3>
  <Controller4>Default</Controller4>
  <Controller5>Default</Controller5>
  <Controller6>Default</Controller6>
  <Controller7>Default</Controller7>
  <Controller8>Default</Controller8>
  <LastChecked>08/21/2022 19:22:21</LastChecked>
  <CheckWhen>24</CheckWhen>
  <Notifications>2</Notifications>
  <DisconnectBTAtStop>False</DisconnectBTAtStop>
  <SwipeProfiles>True</SwipeProfiles>
  <QuickCharge>False</QuickCharge>
  <CloseMinimizes>False</CloseMinimizes>
  <UseLang>
  </UseLang>
  <DownloadLang>True</DownloadLang>
  <FlashWhenLate>True</FlashWhenLate>
  <FlashWhenLateAt>500</FlashWhenLateAt>
  <AppIcon>Default</AppIcon>
  <AppTheme>Dark</AppTheme>
  <UseOSCServer>False</UseOSCServer>
  <OSCServerPort>9000</OSCServerPort>
  <UseOSCSender>False</UseOSCSender>
  <OSCSenderPort>9001</OSCSenderPort>
  <OSCSenderAddress>127.0.0.1</OSCSenderAddress>
  <UseUDPServer>False</UseUDPServer>
  <UDPServerPort>26760</UDPServerPort>
  <UDPServerListenAddress>127.0.0.1</UDPServerListenAddress>
  <UDPServerSmoothingOptions>
    <UseSmoothing>False</UseSmoothing>
    <UdpSmoothMinCutoff>0.4</UdpSmoothMinCutoff>
    <UdpSmoothBeta>0.2</UdpSmoothBeta>
  </UDPServerSmoothingOptions>
  <UseCustomSteamFolder>False</UseCustomSteamFolder>
  <CustomSteamFolder>
  </CustomSteamFolder>
  <AutoProfileRevertDefaultProfile>True</AutoProfileRevertDefaultProfile>
  <DeviceOptions>
    <DS4SupportSettings>
      <Enabled>True</Enabled>
    </DS4SupportSettings>
    <DualSenseSupportSettings>
      <Enabled>True</Enabled>
    </DualSenseSupportSettings>
    <SwitchProSupportSettings>
      <Enabled>True</Enabled>
    </SwitchProSupportSettings>
    <JoyConSupportSettings>
      <Enabled>True</Enabled>
      <LinkMode>Joined</LinkMode>
      <JoinedGyroProvider>JoyConR</JoinedGyroProvider>
    </JoyConSupportSettings>
  </DeviceOptions>
  <CustomLed1>False:0,0,255</CustomLed1>
  <CustomLed2>False:0,0,255</CustomLed2>
  <CustomLed3>False:0,0,255</CustomLed3>
  <CustomLed4>False:0,0,255</CustomLed4>
  <CustomLed5>False:0,0,255</CustomLed5>
  <CustomLed6>False:0,0,255</CustomLed6>
  <CustomLed7>False:0,0,255</CustomLed7>
  <CustomLed8>False:0,0,255</CustomLed8>
</Profile>